業種,MAE,R²
製パン,0.00965864591253864,0.7938106000795094
外食,0.0049146613334981985,0.5218194130174301
