Variable,VIF
const,216.16672260307175
Government Sale Price,2.3234497930413545
CPI,2.3234497930413522
